category,term,count,frequency,per_1000_words
gender,male,2618,0.9300177619893428,105.8761677518502
gender,female,197,0.0699822380106572,7.966999636025398
demographic,immigrant,4,0.0,0.16176649007158167
demographic,alien,11,0.0,0.4448578476968496
demographic,citizen,4,0.0,0.16176649007158167
demographic,ethnic,1,0.0,0.04044162251789542
demographic,minority,1,0.0,0.04044162251789542
demographic,race,1,0.0,0.04044162251789542
