error_type,count,percentage
other,142,37.270341207349084
numeric,122,32.020997375328086
entity,63,16.535433070866144
unverifiable,25,6.561679790026247
predicate,15,3.937007874015748
discourse,14,3.674540682414698
