metric,mean,ci_low,ci_high,n
support_ratio,0.15404208194905866,0.13071013289036545,0.17691029900332225,301
