model,metric,mean,ci_low,ci_high
eval\rouge_distilbart,rouge1,0.024959097299961777,0.021542370985141494,0.02986664322204611
eval\rouge_distilbart,rouge2,0.02351854536858421,0.02028658623319303,0.02810024493129795
eval\rouge_distilbart,rougeL,0.023581679356934636,0.020800220648651894,0.02723610378224468
eval\rouge_rag,rouge1,0.02900116147425144,0.02660531606221204,0.031209167844252986
eval\rouge_rag,rouge2,0.02626453993830252,0.02404844609266849,0.028342351157550714
eval\rouge_rag,rougeL,0.026470043709574276,0.024287163775754676,0.028607003905083608
eval\rouge_textrank,rouge1,0.09187773256349632,0.0837495448651094,0.10050793576744545
eval\rouge_textrank,rouge2,0.09006497247262514,0.08203871855890252,0.0986529417015185
eval\rouge_textrank,rougeL,0.07266488895299193,0.06596263606573438,0.08067395245799656
