comparison,metric,t_statistic,p_value,significant
rag_vs_textrank,rouge1,-13.126950848689626,8.763238080716915e-35,True
rag_vs_textrank,rouge2,-13.490669283411176,2.044382961685841e-36,True
rag_vs_textrank,rougeL,-11.12669741618031,2.83066837617548e-26,True
rag_vs_distilbart,rouge1,1.592091739341988,0.11189076474479877,False
rag_vs_distilbart,rouge2,1.1537072238135124,0.2490795764144423,False
rag_vs_distilbart,rougeL,1.4158484417738932,0.15733876231640143,False
rag_vs_lead3,rouge1,-1.8314750476171753,0.06752531483350768,False
rag_vs_lead3,rouge2,-2.4776504083846804,0.013499250651508752,True
rag_vs_lead3,rougeL,-2.518587455275094,0.012041593358337575,True
